{
    "timestamp": "2024-10-29_10-07-14",
    "metrics": {
        "precision": 0.6470000147819519,
        "recall": 0.6679999828338623
    },
    "config": {
        "samples_directory": "samples",
        "max_samples": 1000,
        "computation_time": 1.1327967643737793
    }
}