{
    "timestamp": "2024-10-29_10-51-42",
    "metrics": {
        "precision": 0.6480000019073486,
        "recall": 0.6209999918937683
    },
    "config": {
        "samples_directory": "samples",
        "max_samples": 1000,
        "computation_time": 0.7174830436706543
    }
}