{
    "timestamp": "2024-10-29_10-05-56",
    "metrics": {
        "precision": 0.6286666393280029,
        "recall": 0.6299999952316284
    },
    "config": {
        "samples_directory": "samples",
        "max_samples": 1000,
        "computation_time": 0.9786276817321777
    }
}