{
    "timestamp": "2024-10-29_11-00-32",
    "metrics": {
        "precision": 0.6389999985694885,
        "recall": 0.6340000033378601
    },
    "config": {
        "samples_directory": "samples",
        "max_samples": 1000,
        "computation_time": 0.7005043029785156
    }
}