{
    "timestamp": "2024-10-29_10-32-41",
    "metrics": {
        "precision": 0.6656666398048401,
        "recall": 0.6579999923706055
    },
    "config": {
        "samples_directory": "samples",
        "max_samples": 1000,
        "computation_time": 0.7077164649963379
    }
}