{
    "timestamp": "2024-10-29_10-16-11",
    "metrics": {
        "precision": 0.6286666393280029,
        "recall": 0.6679999828338623
    },
    "config": {
        "samples_directory": "samples",
        "max_samples": 1000,
        "computation_time": 1.076070785522461
    }
}